message_text,language,scam_category,is_phishing
"URGENT: Your electricity connection will be disconnected tonight. Pay Rs.1,450 now at bit.ly/sample-link to avoid interruption.",English,Utility,1
Aapka bijli connection kal band ho jayega. Abhi pay karein: bit.ly/sample-link. Helpline: 98xxxxxx21,Hindi,Utility,1
Tumcha light bill 2 dinant bharla nahi tar connection cut hoil. Ithe pay kara: example.com/pay,Marathi,Utility,1
Bhai tera electricity bill 3 mahine se pending hai. Abhi pay kar warna line cut ho jayegi - 98xxxxxx21 pe call kar.,Hinglish,Utility,1
Tumcha vij bill Rs.890 pending aahe. Aajach bharla nahi tar connection tutal. Pay kara: bit.ly/sample-link,Marathlish,Utility,1
"Dear Customer, your MSEB bill of Rs.2,340 is overdue. To avoid disconnection, pay immediately via bit.ly/sample-link",English,Utility,1
Aapka gas connection suspend ho sakta hai. Pending amount Rs.560 jald se jald pay karein: example.com/gas,Hindi,Utility,1
Notice: Your water supply bill is 60 days overdue. Pay now or face legal action. Contact: 98xxxxxx21,English,Utility,1
Tumcha pani bill bharla nahi tar pudhe service band hoil. Turant example.com/water var pay kara.,Marathlish,Utility,1
Light bill overdue hai yaar. Company ne notice bheja hai. Jaldi pay kar bit.ly/sample-link pe warna fine lagega.,Hinglish,Utility,1
"Urgent notice: Your Piped Natural Gas bill is pending. Pay Rs.1,200 now at bit.ly/sample-link to keep supply active.",English,Utility,1
Aapki bijli seva rokne ki notice di ja rahi hai. Turant payment ke liye: example.com/bijli,Hindi,Utility,1
ALERT: Your KYC is incomplete. Your ABC Bank account will be suspended in 24 hours. Update now: bit.ly/sample-link,English,KYC,1
Aapka KYC incomplete hai. ABC Bank account band hone se bachane ke liye abhi update karein: example.com/kyc,Hindi,KYC,1
Tumcha KYC incomplete aahe. ABC Bank account band honar aahe. Turant update kara: bit.ly/sample-link,Marathi,KYC,1
Bro tera bank KYC expire ho gaya. Abhi update kar warna account freeze ho jayega - bit.ly/sample-link,Hinglish,KYC,1
Tumcha KYC verify nahi zala. Account suspend honar aahe 48 tasyat. Ithe kara update: example.com/kyc,Marathlish,KYC,1
"Dear User, your PAN-Aadhaar linking is pending. Failure to complete KYC by tomorrow will result in account freeze. Visit: bit.ly/sample-link",English,KYC,1
Aapka Aadhaar bank se link nahi hai. Account suspend hone se pehle turant link karein: example.com/aadhaar,Hindi,KYC,1
"Your mobile KYC has expired. To continue using UPI services, reverify at example.com/kyc before midnight.",English,KYC,1
Bank ne notice bheja hai - KYC pending. Agar kal tak update nahi kiya toh transactions band ho jayenge. Link: bit.ly/sample-link,Hinglish,KYC,1
Tumcha video KYC incomplete aahe. 24 tasat complete nahi kela tar account block hoil. example.com/vkyc,Marathlish,KYC,1
NOTICE: Re-KYC required for your ABC Bank account. Click here to complete: bit.ly/sample-link. Ignore at risk of suspension.,English,KYC,1
"Congratulations! You have won Rs.15,00,000 in the ABC National Lottery. Claim your prize now: bit.ly/sample-link. Ref: LT8821",English,Lottery,1
Aapne Lucky Draw mein Rs.10 lakh jeete hain! Claim karne ke liye abhi call karein: 98xxxxxx21,Hindi,Lottery,1
"Tumhi ABC Lottery madhye 50,000 rupaye jinkale! Claim karyasathi ithe click kara: example.com/lottery",Marathi,Lottery,1
Yaar tu ABC company ke lucky draw mein select hua hai! 5 lakh ka prize claim karne ke liye 98xxxxxx21 pe call kar.,Hinglish,Lottery,1
"Congratulations! Tumhi Rs.2,50,000 chi lottery jinkali aahe. Prize claim karyasathi bit.ly/sample-link var ja.",Marathlish,Lottery,1
"You are selected as winner of BSNL annual lucky draw. Prize: iPhone + Rs.5,00,000. Call 98xxxxxx21 within 24 hrs.",English,Lottery,1
Aapka mobile number ABC Telecom ke bumper lottery mein selected hua. 8 lakh jeetne ke liye abhi register karein: example.com/lucky,Hindi,Lottery,1
"Govt of India ke taraf se aapko Rs.3,00,000 ki lottery mili hai. Claim ke liye kuch details chahiye: bit.ly/sample-link",Hindi,Lottery,1
"Dear Winner, your number was picked in our festive draw. Claim Rs.7,50,000 at example.com/prize. Hurry - 48hrs left!",English,Lottery,1
Teri number ABC monthly lottery mein win hui hai bhai! 2 lakh claim karne ke liye form bharo: bit.ly/sample-link,Hinglish,Lottery,1
"Tumcha number select zala aahe. Rs.1,00,000 chi gift card milel. Turant register kara: example.com/gift",Marathlish,Lottery,1
"WINNER ALERT: You've been selected in the ABC Diwali Bumper Draw. Prize Rs.12,00,000. Claim: bit.ly/sample-link",English,Lottery,1
"We are hiring! Work from home. Earn Rs.50,000/month. No experience needed. Apply now: bit.ly/sample-link. WhatsApp: 98xxxxxx21",English,Job,1
"Ghar baithe kaam karein. Roz Rs.2,000 kamayein. Registration ke liye: example.com/job. Simple typing work.",Hindi,Job,1
"Ghari basat kaam kara. Mahina Rs.30,000 milel. No experience. Apply kara: bit.ly/sample-link",Marathi,Job,1
"Bro part-time job chahiye? Ghar se karo, Rs.1,500 roz milenge. Bas ek baar register karo: example.com/work",Hinglish,Job,1
"Work from home opportunity! Tumhala rojchi Rs.1,000 milel. Sirf mobile lage. Register kara: bit.ly/sample-link",Marathlish,Job,1
Urgent Hiring: Data Entry Executives needed. Salary 40k/month. No qualification required. Apply: example.com/job,English,Job,1
"Aapko ghar baithe online kaam karne ka mauka mil raha hai. Roj 4 ghante karo, 25k mahina pao. Link: bit.ly/sample-link",Hindi,Job,1
"Amazon work from home jobs - earn up to Rs.60,000/month. No degree needed. Register now: example.com/amazon-jobs",English,Job,1
"Part time job chahiye tha na? Dekh yaar, ek app install kar aur roz 2k kama. Simple hai: bit.ly/sample-link",Hinglish,Job,1
"Tumhala navi job milel - Rs.35,000 per month. Ghari basa, phone var kaam kara. Apply kara: example.com/job",Marathlish,Job,1
NOTICE: CBI Digital Arrest - Your mobile number linked to illegal activities. Contact officer immediately: 98xxxxxx21 or face arrest.,English,Digital Arrest,1
Aapka number cybercrime mein use hua hai. Digital arrest writ jaari ho sakta hai. Abhi call karein: 98xxxxxx21,Hindi,Digital Arrest,1
Tumcha mobile number ek illegal transaction madhye aahe. Pune Cyber Police action ghenaar aahe. Call kara: 98xxxxxx21,Marathi,Digital Arrest,1
Bhai gadbad ho gayi hai. Tera number drug case mein aaya hai. CBI officer ne call karna bola hai - 98xxxxxx21,Hinglish,Digital Arrest,1
Tumcha Aadhaar number fraudulent activity madhye detected zala. Arrest warrant ready aahe. Bachanyasathi: 98xxxxxx21,Marathlish,Digital Arrest,1
CYBERCRIME BRANCH: Your IP address has been flagged for accessing illegal websites. Cooperate now or face arrest: 98xxxxxx21,English,Digital Arrest,1
Serious matter hai aapka. Aapke bank account se suspicious transactions detect hue hain. Cyber officer se baat karein: 98xxxxxx21,Hindi,Digital Arrest,1
This is ED office. Your PAN card linked to money laundering. Appear online or face consequences. WhatsApp: 98xxxxxx21,English,Digital Arrest,1
Yaar seriously call kar unhe. CBI wale bol rahe hain tera Aadhaar kisi fraud mein use hua. Number hai: 98xxxxxx21,Hinglish,Digital Arrest,1
Government Digital Arrest order: Tumcha account suspicious aahe. Avoid arrest - turant sampark kara: 98xxxxxx21,Marathlish,Digital Arrest,1
PM Awas Yojana ke tahat aapko muft ghar milega. Abhi apply karein: bit.ly/sample-link. Last date kal hai.,Hindi,Govt Scheme,1
"Tumhala PM Kisan yojane madhun Rs.6,000 milel. Abhi register kara: example.com/kisan. Aaj shevtachi tarikh.",Marathlish,Govt Scheme,1
Free gas cylinder scheme is live. Apply before deadline: bit.ly/sample-link. Govt of India initiative. 98xxxxxx21,English,Govt Scheme,1
Yojana mein naam darz karo - sarkar de rahi hai 2 lakh rupaye direct bank mein. Register karo: example.com/yojana,Hinglish,Govt Scheme,1
"Pradhan Mantri Rojgar Yojana mein aapko 50,000 ka loan milega. Abhi apply karein: bit.ly/sample-link",Hindi,Govt Scheme,1
"Maharashtra Ration Card update scheme - register now at example.com/ration to receive Rs.1,500 monthly benefit.",English,Govt Scheme,1
Sarkar free laptop de rahi hai students ko. Form bharo abhi: bit.ly/sample-link. Limited seats available.,Hinglish,Govt Scheme,1
Sarkari yojanantun tumhala mofat mobile milel. Turant register kara: example.com/mobile. Ajchi shevtachi tarikh!,Marathi,Govt Scheme,1
"Mahila Samman Yojana - women get Rs.1,000/month. Register your Aadhaar now at bit.ly/sample-link to avail benefit.",English,Govt Scheme,1
Aapke bacche ko free coaching milegi PM scheme ke under. Register karein: example.com/coaching. Deadline: kal,Hindi,Govt Scheme,1
"Instant personal loan approved! Rs.5,00,000 without documents. Disburse in 10 minutes. Apply: bit.ly/sample-link",English,Loan,1
Aapko 3 lakh ka pre-approved loan mil raha hai. Sirf ek form bharo: example.com/loan. No documents needed.,Hindi,Loan,1
"Tumhala Rs.2,00,000 personal loan milel tatkaal. Kahi documents nahi. Apply kara: bit.ly/sample-link",Marathlish,Loan,1
Bhai bina documents ke 1 lakh ka loan chahiye? Yeh dekh - 5 minute mein disburse hoga: example.com/loan,Hinglish,Loan,1
Low interest home loan available now! No CIBIL check. Apply at bit.ly/sample-link. Offer ends today!,English,Loan,1
"Aapka loan application approved ho gaya hai. Amount: Rs.4,50,000. Fees bharne ke baad disburse hoga: 98xxxxxx21",Hindi,Loan,1
"Tumhala business loan milel Rs.10,00,000 paryant. Koi guarantee nahi. Apply: example.com/business-loan",Marathi,Loan,1
"Your pre-approved ABC Bank loan of Rs.3,50,000 is waiting. Complete process now: bit.ly/sample-link or call 98xxxxxx21",English,Loan,1
"Zero interest loan available for farmers - Rs.1,00,000. Apply now: bit.ly/sample-link. Govt supported scheme.",English,Loan,1
Yaar tera loan approve ho gaya hai. Bas processing fee de 500 rupaye - phir kal tak paisa aa jayega: 98xxxxxx21,Hinglish,Loan,1
"ALERT: Rs.45,000 has been debited from your ABC Bank account. If unauthorized, click immediately: bit.ly/sample-link",English,UPI Fraud,1
"Aapke UPI se Rs.12,000 debit ho gaye hain. Transaction reverse karne ke liye: example.com/upi-help. Jaldi karein!",Hindi,UPI Fraud,1
"Tumchya account madhun Rs.8,500 UPI ne debit zale. Agar tumhi kele naste tar bit.ly/sample-link var klik kara.",Marathi,UPI Fraud,1
Bro tera 5000 ka UPI transaction hua hai abhi! Tune kiya kya? Nahi toh jaldi cancel kar: example.com/cancel,Hinglish,UPI Fraud,1
"Tumchya PhonePe account madhun Rs.3,200 gelya. Refund sathi turant ithe click kara: bit.ly/sample-link",Marathlish,UPI Fraud,1
"UPI payment of Rs.75,000 initiated from your account. To reverse, verify immediately at example.com/upi",English,UPI Fraud,1
"Ek collect request send ki gayi hai tumhare account se Rs.20,000 ke liye. Decline karne ke liye: bit.ly/sample-link",Hindi,UPI Fraud,1
Send Rs.1 on this UPI ID to confirm your account: 98xxxxxx21@upi. This is required for KYC verification.,English,UPI Fraud,1
Tera PhonePe account hack ho sakta hai. Abhi verify kar: example.com/verify warna sab paisa chala jayega.,Hinglish,UPI Fraud,1
Tumcha Google Pay suspend honar aahe. Account bachavnyasathi bit.ly/sample-link var OTP verify kara.,Marathlish,UPI Fraud,1
Your parcel from XYZ Courier is on hold due to unpaid customs duty. Pay Rs.299 at bit.ly/sample-link to release.,English,Courier/Parcel,1
Aapka courier hold par hai. Custom duty Rs.150 pay karne ke baad deliver hoga. Payment: example.com/courier,Hindi,Courier/Parcel,1
Tumcha parcel XYZ Courier kade aahe. Rs.200 customs duty bharlyavar deliver hoil. Pay kara: bit.ly/sample-link,Marathi,Courier/Parcel,1
Bhai tera Amazon package stuck hai customs mein. 499 pay kar release hoga: example.com/release,Hinglish,Courier/Parcel,1
Tumcha parcel arrived aahe but address confirm nahi zala. Ithe kara: bit.ly/sample-link warna parcel return hoil.,Marathlish,Courier/Parcel,1
XYZ Courier: Your package AWB#9821 requires additional address verification. Update at example.com/address,English,Courier/Parcel,1
Aapka parcel deliver hone wala hai par door lock tha. Re-schedule karne ke liye: bit.ly/sample-link pe click karein.,Hindi,Courier/Parcel,1
Delivery failed - recipient unavailable. Pay Rs.50 redelivery fee at example.com/redeliver within 24hrs.,English,Courier/Parcel,1
Tera parcel XYZ warehouse mein hai. Storage fee lag rahi hai Rs.100/day. Abhi claim kar: bit.ly/sample-link,Hinglish,Courier/Parcel,1
Tumcha important parcel customs la adkla aahe. Rs.350 bharle tar kal milel. Link: example.com/customs,Marathlish,Courier/Parcel,1
"ALERT: Your ABC Bank account has been temporarily blocked. To reactivate, verify here: bit.ly/sample-link",English,Banking,1
Aapke ABC Bank account mein suspicious activity detect hui. Account safe karne ke liye: example.com/secure,Hindi,Banking,1
Tumcha ABC Bank account blocked aahe. Unblock karyasathi bit.ly/sample-link var click kara aani verify kara.,Marathi,Banking,1
Bhai tera account block ho gaya hai. Jaldi login kar iss link se: example.com/login warna permanent ho jayega.,Hinglish,Banking,1
ABC Bank: Tumcha account 24 tasyat band honar. Activate karyasathi: bit.ly/sample-link. Urgently!,Marathlish,Banking,1
Your net banking password has expired. Reset it immediately to avoid account freeze: example.com/reset,English,Banking,1
Aapka cheque bounce hua hai. Legal action se bachne ke liye turant contact karein: 98xxxxxx21,Hindi,Banking,1
ABC Bank customer: Your debit card is blocked due to suspicious use. Reactivate at bit.ly/sample-link.,English,Banking,1
Bank account mein kuch gadbad lag rahi hai yaar. Ek baar check kar is link se: example.com/check,Hinglish,Banking,1
Tumchya savings account madhye unauthorized access detect zala. Turant secure kara: bit.ly/sample-link,Marathlish,Banking,1
Your mobile recharge of Rs.199 has failed. Recharge again with cashback offer: bit.ly/sample-link. Limited time!,English,Recharge,1
Aapka recharge process nahi hua. Dubara karein aur Rs.50 cashback paaein: example.com/recharge,Hindi,Recharge,1
Tumcha Rs.299 plan activate nahi zala. Parat recharge kara aani 100 ka cashback mila: bit.ly/sample-link,Marathlish,Recharge,1
Bhai tera recharge failed hai apparently. Iss link se kar - 20% extra data milega: example.com/recharge,Hinglish,Recharge,1
FREE 3-month recharge offer! Click now to activate: bit.ly/sample-link. Valid only for selected customers.,English,Recharge,1
Aapka Jio number deactivate hone wala hai. Abhi recharge karein: example.com/jio. Offer sirf aaj.,Hindi,Recharge,1
Last chance! Free Rs.500 recharge waiting for you. Claim now: bit.ly/sample-link. Expires in 1 hour.,English,Recharge,1
Tumcha number port honar aahe dusrya company la. Rokayache asel tar ithe click kara: example.com/retain,Marathi,Recharge,1
Yaar 2GB free data chahiye? Iss link pe apna number verify kar: bit.ly/sample-link. Daily offer hai.,Hinglish,Recharge,1
Your number has been selected for complimentary recharge. Validate at example.com/offer to receive Rs.299 free.,English,Recharge,1
"Invest Rs.5,000 and earn Rs.50,000 in 30 days! Guaranteed returns. Join now: bit.ly/sample-link",English,Investment,1
Apna paisa double karein sirf 15 din mein! Safe and guaranteed. Register karein: example.com/invest,Hindi,Investment,1
"Rs.10,000 invest kara, Rs.1,00,000 mila 60 divsat. Guaranteed return. Join kara: bit.ly/sample-link",Marathi,Investment,1
Bhai stock market se roz 2000 kama! Special tips group mein join ho - free trial: example.com/tips,Hinglish,Investment,1
Daily 5% return milel. Tumcha paisa safe aahe. Invest kara: bit.ly/sample-link. Limited slots!,Marathlish,Investment,1
"Crypto investment opportunity: Rs.1,000 invest karo, Rs.15,000 pao in 7 days! Refer and earn more: example.com/crypto",English,Investment,1
"Special trading bot hai jo automatically profit karta hai. Rs.3,000 se shuru karo: bit.ly/sample-link",Hindi,Investment,1
Earn 30% monthly returns with our exclusive investment club. Only 10 spots left: example.com/club,English,Investment,1
Share market mein bina risk ke paisa lagao! Expert tips free mein: bit.ly/sample-link. Whatsapp group join karo.,Hinglish,Investment,1
"Mutual fund alternative - 200% annual returns guaranteed. Start with Rs.2,000: example.com/returns",English,Investment,1
Your ABC Bank OTP for today's transaction is 847621. Valid for 10 minutes. Do not share this OTP with anyone.,English,None,0
Aapka UPI transaction successful hua. Rs.500 XYZ store ko pay kiya gaya. Transaction ID: TXN8821.,Hindi,None,0
Tumcha recharge successful zala. Rs.239 plan 28 dinasathi active aahe. Enjoy 1.5GB/day + unlimited calls.,Marathi,None,0
Kal 7 baje meeting hai office mein. Sab prepare rehna. Agenda mail mein bhej raha hoon.,Hinglish,None,0
Bhai birthday party Saturday la aahe. 6 PM la ye. Potluck aahe - kahi tari ghun ye.,Marathlish,None,0
"Your electricity bill of Rs.1,240 for March has been received. Payment confirmed. Ref: MSEB2024893.",English,None,0
Aaj raat ghar aate waqt doodh le aana. Ghar mein khatam ho gaya hai.,Hindi,None,0
Teams meeting 4 PM la aahe aaj. Link calendar mein aahe. Please join on time.,Marathlish,None,0
"Dear Customer, your ABC Bank statement for March is now available. Login to net banking to view.",English,None,0
Bhai kal interview hai - 10 AM. Formals pehenna aur resume print kar lena. All the best!,Hinglish,None,0
Your order #ORD4521 from XYZ Shopping has been shipped. Expected delivery: 2-3 working days.,English,None,0
"Aaj doctor appointment hai 11 baje. Time pe pohoncho, pahle registration karana padega.",Hindi,None,0
Tumhi sangitlelya tyala bolawa - kal 5 la jeva la ya. Aayi khaas jeval banvnaar aahe.,Marathi,None,0
Office lunch kal planned hai. 1:30 PM la canteen mein. Yeu shakta ka confirm kar.,Marathlish,None,0
Your XYZ Courier package will be delivered today between 2 PM and 6 PM. Track: example.com/track,English,None,0
"Aapke account mein salary credited ho gayi hai. Amount: Rs.42,500. Date: 01-Apr-2024.",Hindi,None,0
Kal school mein sports day aahe. Mulana uniform mhanun colourful dress ghala sangitlay.,Marathlish,None,0
FYI - kal se petrol price badh gayi hai. Fill up karo aaj hi gaadi.,Hinglish,None,0
Reminder: Annual health checkup scheduled for tomorrow at 9 AM. Carry Aadhaar and insurance card.,English,None,0
"Bhai train mein hun, 1 ghante mein pohonch jaunga. Station pe aajao ya auto le lo.",Hinglish,None,0
"Your SBI account transaction: Rs.1,000 debited for EMI payment on 5-Apr. Balance: Rs.18,340.",English,None,0
Aaj subah se light nahi hai apur. MSEB ko complaint karo ya app pe report karo.,Marathi,None,0
Meeting cancel ho gayi kal ki. New schedule decide hone par bataunga. Sorry for the inconvenience.,Hindi,None,0
Paani udi ghara. Bhaji ani bread pan ana. Ratrichya jewanat lagtil.,Marathi,None,0
"Your Fixed Deposit of Rs.50,000 has matured. Please visit the branch or renew online via netbanking.",English,None,0
"Gadi service ke liye booking confirm ho gayi. 15-Apr, 10 AM, XYZ Service Center. Carry RC book.",Hinglish,None,0
Beti ka result aaya - 92 marks! Tuition teacher ko thank you bolo. Celebration tonight.,Hindi,None,0
"Your premium of Rs.3,200 for ABC Insurance has been auto-debited. Policy remains active.",English,None,0
Aaj rat lekhrach ya. Baba bhetayche aahe baryach diwasani. Kai nahi aanlat tari chalel.,Marathlish,None,0
"ABC Bank: Dear Customer, your debit card was used at XYZ Petrol Pump for Rs.1,800 on 6-Apr.",English,None,0
Aaj raat dinner mein biryani bana rahi hun. Ghar jaldi aana okay? 8 baje ready ho jayegi.,Hindi,None,0
Your Aadhaar e-KYC is already verified with ABC Bank. No further action required from your end.,English,None,0
Yaar kya kar raha hai? Kal cricket match hai building ke neeche. Aa sakta hai 5 baje?,Hinglish,None,0
Project submission kal subah 10 vajeparyant kara. Report PDF format mein mail kara.,Marathlish,None,0
"Your monthly ABC Bank mini statement: Opening bal Rs.12,000. Credits: Rs.42,500. Closing: Rs.38,200.",English,None,0
Aaj raste band aahet area madhye. Dusrya route ne ya. Google Maps var check kara.,Marathlish,None,0
"Bhai tera Jio recharge kal expire hoga. 239 wala plan le le, 1.5GB roz milta hai.",Hinglish,None,0
Reminder: Your ABC Insurance renewal is due on 30-Apr. Visit branch or renew online.,English,None,0
Aaj ghar par koi nahi hai. Ghar ki chabi shejwali auntie ke paas hai. Usse le lena.,Hindi,None,0
"Your PF amount of Rs.85,000 has been successfully transferred to your ABC Bank account.",English,None,0
Kal pratham test aahe mulichi. Syllabus aajach cover hoil na? Please check if she's prepared.,Marathlish,None,0
Bhai kal gadi nahi chalegi - bandh aahe area mein. Office ke liye metro le le ya WFH kar.,Hinglish,None,0
Aapke naam par ek speed chalaan register hua hai. View and pay online via traffic.example.com within 15 days.,Hindi,None,0
Your dividend of Rs.450 from ABC Mutual Fund has been credited to your registered bank account.,English,None,0
Aaj paus padel - umbrella gheun ya. Mulacha school soda karnyachi vel tya time la paus asnar.,Marathi,None,0
Library mein aaj books jama karne ka last date hai. Fine lage us se pehle kar dena.,Hindi,None,0
Reminder from XYZ Hospital: Your appointment with Dr. Sharma is tomorrow at 11:30 AM. Please confirm.,English,None,0
Kholi ki rent 5 tarikh la yena. Baki outstanding settle kara. Baaki issues bol - bolu.,Marathlish,None,0
Aaj raat 9 PM ko online class hai Chemistry ki. Zoom link teacher ne WhatsApp group mein share kiya hai.,Hindi,None,0
"Your registered mobile number has been updated on ABC Bank records. If not done by you, call 1800xxxxxxx.",English,None,0
"Bro project mein meri help chahiye kya? Kal free hoon, aaun tere ghar if okay?",Hinglish,None,0
"Tumcha ABC Bank FD interest Rs.2,340 credit zala account madhe. Half-yearly update. Balance check kara.",Marathlish,None,0
Subah se pani nahi aa raha building mein. Society ne WhatsApp group pe update dile aahe - check karo.,Hindi,None,0
Today's office pantry will be closed for maintenance. Lunch can be arranged from nearby canteen.,English,None,0
Aaj shopping la jaychay ka? Phoenix mall la discounts aahet - end of season sale aahe.,Marathi,None,0
Society meeting aahe Sunday la 11 baje. Maintenance charges aur security chya vishayavar bolnar aahet.,Marathlish,None,0
Bhai kal college bandh hai. Teachers' day ki wajah se holiday declared hai. Ghar raho.,Hinglish,None,0
"Your annual bonus of Rs.25,000 has been processed and will reflect in your April salary.",English,None,0
Aapka ITR file karne ki last date 31 July hai. Accountant se baat karein jaldi.,Hindi,None,0
Parcel deliver hua ghar par. Maine sign kar diya. Table par rakha hai.,Hindi,None,0
Ekyada baaher ja. Bazar madhun caha chi patti ghun ye - sampli aahe ghari.,Marathi,None,0
Weekend trip ka plan cancel hua yaar. Baarish ki wajah se hotel ne refund kar diya.,Hinglish,None,0
Your vehicle insurance with ABC Insurance expires on 30-Apr. Renew to avoid penalty and lapse.,English,None,0
Ladakicha graduation aahe 15 tarkhela. Ye nakki. Party afterwards aahe restaurant mein.,Marathlish,None,0
Aaj mausam bahut kharab hai. School se time pe aa jayein. Rain is expected till evening.,Hindi,None,0
"Bro kal interview diya tha, result aya - selected ho gaya! Joining letter 2 weeks mein milega.",Hinglish,None,0
"Your EMI of Rs.8,500 for ABC Bank car loan has been auto-debited. Next due: 5-May.",English,None,0
Society mein lift maintenance aahe kal. Skalyavar jayche asel tar steps ghyav lagtil.,Marathlish,None,0
Subah office mein important client presentation hai. Slides ready kar aaj raat hi.,Hindi,None,0
Petrol pump wale ne sahi nahi diya - check karo receipt mein. Kal ek baar jaana ho sakta hai.,Hinglish,None,0
"Your ABC Bank credit card bill of Rs.12,450 is due on 15-Apr. Pay to avoid late charges.",English,None,0
Aaj paus mule train late aahe. 20 minutes delay aahe. Track 4 var yet aahe.,Marathi,None,0
"Aaj nahi aaunga office, tabyat theek nahi hai. Team ko bol dena. Calls forward kar dena.",Hindi,None,0
Bhai yaar kya hua? Last week se call nahi utha raha. Sab theek hai na?,Hinglish,None,0
Your gym membership at ABC Fitness expires on 20-Apr. Renew before that to avail current rates.,English,None,0
Aaj college fest aahe - last day. Yeto ka? 3 vajeparyant free aahe mala.,Marathlish,None,0
Kal subah ghar se nikal jaana. Aane mein 2 ghante lagenge. Lunch ghar par hi karenge.,Hindi,None,0
Bhai teri train kal subah 6:20 AM ki hai. PNR confirm hai. Station 30 min pehle pohonch.,Hinglish,None,0
Important: Your vehicle PUC certificate expires on 28-Apr. Renew to avoid traffic challan.,English,None,0
Aaj baajar bandh aahe - hartal aahe. Ghari kahi lagle tar online order kar.,Marathi,None,0
"Team lunch aahe kal - 1:30 la ABC restaurant. Menu already decided aahe, just come.",Marathlish,None,0
"Yaar aaj match hai 9 PM ka India vs Australia. Ghar aa ja dekhne, popcorn main launga.",Hinglish,None,0
Your subscription to ABC OTT Platform has been renewed for 1 year. Amount Rs.499 debited.,English,None,0
Ghar ka internet slow chal raha hai. Router restart karo ek baar. Warna provider ko call karo.,Hindi,None,0
Ek baar ghar ya - aai ne bulawlya aahet. Wadhdiwas aahe tyancha aaj.,Marathi,None,0
Reminder: Quarterly tax payment due by 15-Apr. Check your advance tax liability with your CA.,English,None,0
Aaj raat 10 PM la building society meeting aahe emergency. All residents ye.,Marathlish,None,0
Kya yaar kal ki trip cancel karte ho? Hotel ka refund policy check karo pehle.,Hinglish,None,0
"Your NEFT transfer of Rs.15,000 to account ending 8821 was successful. Ref: NEFT20240406.",English,None,0
Bhai college mein kal fest hai. Pass chahiye kya? Main nikal sakta hoon tere liye ek.,Hinglish,None,0
Aaj school early dismiss honar - 1 PM la. Mulala pick up kara please.,Marathlish,None,0
Raat ka khana banana nahi hai aaj. Bahar se order karte hain. Kya chahiye batao.,Hindi,None,0
"Your ABC Bank account balance as on 6-Apr-2024 is Rs.27,450. Auto-generated message.",English,None,0
Project deadline aaj ratri 12 chi aahe. Submit kara. Kahi problem asel tar Slack var sanga.,Marathlish,None,0
Delhi mein job interview ke liye jaana hai agle hafte. Flights book karo advance mein.,Hindi,None,0
"ABC Bank: Transaction of Rs.250 at XYZ Medical Store on 6-Apr successful. Avail. Bal: Rs.8,220.",English,None,0
Aaj raat sab log ghar pe aahe? Ek gappa-goshti chalti - movie baghuyat ya kahitari karuya.,Marathlish,None,0
Reminder: File your GST return for Q4 by 30-Apr. Penalty applicable after deadline.,English,None,0
Bhai gym chal aaj 6 baje? Trainer ne naya workout plan diya hai this week.,Hinglish,None,0
Mala aaj khup kami zop mili. Office mein important meeting aahe pan energy nahi aahe.,Marathi,None,0
"Salary credit: Rs.55,000 credited to ABC Bank account on 1-Apr. Check your statement.",English,None,0
Ghar pe guest aane wale hain kal. Ghar saaf karo aur bazaar se kuch nashta le aao.,Hindi,None,0
Kal sathi table book keli aahe restaurant mein - 7:30 PM. 4 janchis confirmation aahe.,Marathlish,None,0
Bhai tera driving license renewal due hai. RTO mein online slot book kar jaldi.,Hinglish,None,0
Your passport application status has been updated. Please login to example.com/passport to check.,English,None,0
Aaj raat 9 baje company ka town hall aahe online. Zoom link HR ne bheja aahe mail mein.,Marathi,None,0
Yaar ek kaam hai - mera assignment print karke laa de kal aate waqt. Please!,Hinglish,None,0
"Your ABC Mutual Fund SIP of Rs.3,000 has been processed for April. NAV units allotted.",English,None,0
Baaher jaanyapuri lunch tayar aahe - ghar ya lavkar. Hot pot mein varan-bhat thaevlay.,Marathi,None,0
Kal engineering department ki team outing hai. Bus 9 AM ko niklengi office se.,Hindi,None,0
Aaj dinner karo kaa? Near ABC restaurant la - navi branch aahe. Good reviews aahet.,Marathlish,None,0
Bhai kal ka presentation ready hai? Slides double check karo - client important hai yaar.,Hinglish,None,0
"Dear Customer, your ABC Bank locker is due for annual rent. Rs.1,500 will be auto-debited on 10-Apr.",English,None,0
"URGENT: Your electricity connection will be permanently disconnected in 2 hours due to non-payment of Rs.3,450. Pay now: bit.ly/sample-link or call 98xxxxxx21",English,Utility,1
Ye message sirf aapke liye hai - aapka account suspicious activity ki wajah se review mein hai. Verify karein: example.com/verify,Hindi,KYC,1
Ek important notice aahe tumhyasathi. Tumcha PAN card deactivate honar aahe. Turant link kara: bit.ly/sample-link,Marathlish,KYC,1
"You have been selected for a Govt housing subsidy of Rs.2,80,000. Register before 10-Apr: bit.ly/sample-link",English,Govt Scheme,1
Bhai teri parcel mein kuch illegal item nikla. Customs ne hold kiya. Call karo: 98xxxxxx21,Hinglish,Courier/Parcel,1
Tumcha loan application pre-approved aahe. 0% interest. Processing fee sirf Rs.499. Apply: example.com/loan,Marathlish,Loan,1
"Rs.98,000 unauthorized transaction detected in your ABC Bank account. Freeze immediately: bit.ly/sample-link",English,Banking,1
"Paisa invest karo Rs.2,000 - roz Rs.500 milel. Guaranteed. Join karo: example.com/earn",Marathlish,Investment,1
"Congratulations! Your mobile number won Rs.8,00,000 in Reliance Digital Diwali Lottery. Claim: 98xxxxxx21",English,Lottery,1
Cyber police ne notice bheja aahe - tumcha IP address tracked aahe. Fine bharlyavar case band hoil: 98xxxxxx21,Marathi,Digital Arrest,1
Free recharge Rs.199 milel aaj. Ek baar number verify kara ithe: bit.ly/sample-link. Offer aajpuratach.,Marathlish,Recharge,1
Work from home typing job - Rs.600 per hour. No experience required. WhatsApp: 98xxxxxx21,English,Job,1
Aapka UPI ID temporarily suspended hua hai. Dubara activate karne ke liye: example.com/upi-activate,Hindi,UPI Fraud,1
Kal 7 baje zoom call aahe team sathi. Please join on time. Agenda: Q1 review aur planning.,Marathlish,None,0
Bhai kal 11 AM ko driving test hai. License leke ja aur registration ka printout bhi.,Hinglish,None,0
Tumcha account statement 31 March la generate zala. Netbanking la login karun download kara.,Marathlish,None,0
Reminder ahe - kal subah 7 la paddhati yatra aahe mandirat. Sab ya nakki.,Marathi,None,0
Your CIBIL score has been updated. Login to example.com to check your updated credit report.,English,None,0
Aaj ghar par hi raho - bahut traffic jam hai highway pe. Accident hua hai.,Hindi,None,0
Bhai kal workshop aahe Python var - 10 AM to 5 PM. Laptop laach. Registration done aahe.,Hinglish,None,0
ABC Courier delivered your parcel successfully at 3:45 PM. Received by: A. Sharma. Enjoy your order!,English,None,0
Aaj office la utharlya - traffic mule 30 min late aalo. Boss la message kar.,Marathlish,None,0
Apni ABC Bank passbook update karwa lo. 6 months ki entries pending hain.,Hindi,None,0
"Your ABC Bank credit card reward points (1,450 pts) expire on 30-Apr. Redeem them soon.",English,None,0
"Kal subah bazar la jayche aahe. Yaadi taiyar kar - doodh, bhaji, ani chatni chi saman.",Marathi,None,0
Yaar aaj ka plan kya hai? Koi movie chal rahi hai kya? Theatre mein ya OTT pe?,Hinglish,None,0
Aaj 6 PM la society cricket match aahe. Yenar ka? Team la ek player kami aahe.,Marathlish,None,0
Reminder: Renew your passport before 2025 if you plan to travel. Processing takes 4-6 weeks.,English,None,0
Kal raat baarish aane ki sambhavna hai. Chhata le jaao aur gaadi andar rakh dena.,Hindi,None,0
Office mein navi system install hoti aaj - IT ne morning mein update dila. Password change kara.,Marathlish,None,0
Your blood test report from XYZ Lab is ready. Collect from counter 3 between 10 AM-5 PM.,English,None,0
Bhai kal college library closes at 5 PM due to event. Note karo warna stranded rahoge.,Hinglish,None,0
Aaj office mein power backup nahi aahe - generator maintenance aahe. Laptops charge thevar.,Marathlish,None,0
Bhai ek baar is link pe click karke apna Aadhaar verify karo - account suspend hone wala hai: bit.ly/sample-link,Hindi-English mixed,KYC,1
"Tumcha vij bill Rs.1,890 aaj bharla nahi tar tonight connection cut hoil. Pay: example.com/bill",Marathi-English mixed,Utility,1
Congratulations bhai - tujha number ABC lucky draw mein select hua hai! 3 lakh claim kar: bit.ly/sample-link,Hindi-English mixed,Lottery,1
"Tumhi XYZ Courier parcel claim kela nahi. Rs.199 pay kara aaj, else parcel return hoil: example.com/claim",Marathi-English mixed,Courier/Parcel,1
Ek CBI officer ne call kiya tha - tera Aadhaar illegal transaction mein use hua hai. Call back: 98xxxxxx21,Hindi-English mixed,Digital Arrest,1
"Government scheme aahe - tumhala Rs.5,000 milel per month. Register kara before deadline: bit.ly/sample-link",Marathi-English mixed,Govt Scheme,1
Bhai bina document ke 2 lakh ka instant loan chahiye? Sirf ek form bharo: example.com/loan,Hindi-English mixed,Loan,1
Tumchya ABC Bank account madhe suspicious login detected. Secure kara abhi: bit.ly/sample-link,Marathi-English mixed,Banking,1
Tera UPI account hack ho sakta hai yaar. Abhi verify karo apna number: example.com/upi-check,Hindi-English mixed,UPI Fraud,1
"Tumhala work-from-home opportunity aahe - Rs.40,000 per month. No experience. Apply: bit.ly/sample-link",Marathi-English mixed,Job,1
"Invest sirf Rs.5,000 aur pao Rs.75,000 in 45 days! Guaranteed profit. Join karo: example.com/invest",Hindi-English mixed,Investment,1
Tumcha number ABC recharge lucky draw mein select zala! Free Rs.399 recharge sathi: bit.ly/sample-link,Marathi-English mixed,Recharge,1
Bhai kal subah office mein all-hands meeting hai 9:30 AM ko. Attendance mandatory hai.,Hindi-English mixed,None,0
Tumchi important documents ready aahet. Branch la ya aani collect kara - anytime before 5 PM.,Marathi-English mixed,None,0
"Yaar aaj party cancel ho gayi - rain bahut zyada hai. Ghar pe baith, Sunday rakhenge.",Hindi-English mixed,None,0
Aaj marathi shala mein parent-teacher meeting aahe - 4 PM la. Please attend if possible.,Marathi-English mixed,None,0
Bhai kal project submission hai. Last minute mein kaam mat karna - pehle se prepare karo.,Hindi-English mixed,None,0
Office la aaj navin system update aala aahe. IT team ne mail kelele instructions follow kara.,Marathi-English mixed,None,0
Salary aaj credit ho gayi hai account mein. Check karo aur sab theek hai toh bata dena.,Hindi-English mixed,None,0
Kal team outing aahe - sab log yenar aahet. Bus 9 AM la office pasun sutat aahe.,Marathi-English mixed,None,0
Bhai tera insurance renewal ho gaya. Documents email mein bhej rahe hain 2-3 din mein.,Hindi-English mixed,None,0
Paani bill Maarchachay mahinyacha Rs.540 credited confirm zala. Thank you for payment!,Marathi-English mixed,None,0
Kal raat tak project ka first draft ready kar lena. Review ke baad changes bolunga.,Hindi-English mixed,None,0
Society mein Sunday la cleaning drive aahe - 8 AM la. Participation welcome aahe sarvana.,Marathi-English mixed,None,0
Bhai train cancel ho gayi kal ki. IRCTC ne refund de diya hai - 5-7 din mein aayega.,Hindi-English mixed,None,0
ABC Bank kade tumcha cheque deposited zala aaj. Clearing nantarach credit hoil - 2 din lagtil.,Marathi-English mixed,None,0
Office ka internet slow chal raha hai puri building mein. IT ko report kar chuka hun - wait karo.,Hindi-English mixed,None,0
Kal exam aahe - syllabus complete zala aahe na? Practice papers solve kara ajun ek baar.,Marathi-English mixed,None,0
Bhai aaj birthday hai uska - call karo ya message karo. Bahut din se baat nahi hui usse.,Hindi-English mixed,None,0
"आपका बिजली कनेक्शन आज रात काट दिया जाएगा। बकाया राशि ₹1,840 तुरंत जमा करें: bit.ly/sample-link",Hindi-Devanagari,Utility,1
सूचना: आपका गैस कनेक्शन निलंबित होने वाला है। ₹560 का भुगतान करें: example.com/gas अन्यथा आपूर्ति बंद होगी।,Hindi-Devanagari,Utility,1
आपका KYC अधूरा है। ABC बैंक खाता 24 घंटों में बंद हो जाएगा। अभी अपडेट करें: bit.ly/sample-link,Hindi-Devanagari,KYC,1
अलर्ट: आपका PAN–Aadhaar लिंक नहीं है। खाता फ्रीज़ होने से पहले अभी लिंक करें: example.com/kyc,Hindi-Devanagari,KYC,1
"बधाई हो! आपने ABC राष्ट्रीय लॉटरी में ₹15,00,000 जीते हैं। 48 घंटों में क्लेम करें: bit.ly/sample-link",Hindi-Devanagari,Lottery,1
"आपका मोबाइल नंबर ABC कंपनी के मासिक ड्रॉ में विजेता है। ₹5,00,000 पाने के लिए कॉल करें: 98xxxxxx21",Hindi-Devanagari,Lottery,1
"घर बैठे काम करें। रोज़ ₹2,000 कमाएं। कोई अनुभव ज़रूरी नहीं। अभी रजिस्टर करें: example.com/job",Hindi-Devanagari,Job,1
"अर्जेंट हायरिंग: डेटा एंट्री ऑपरेटर चाहिए। वेतन ₹40,000/माह। आवेदन करें: bit.ly/sample-link",Hindi-Devanagari,Job,1
CBI साइबर क्राइम विभाग: आपके नंबर से अवैध लेनदेन हुए हैं। डिजिटल गिरफ्तारी से बचने के लिए तुरंत कॉल करें: 98xxxxxx21,Hindi-Devanagari,Digital Arrest,1
ईडी कार्यालय: आपका PAN मनी लॉन्ड्रिंग में जुड़ा है। अभी संपर्क करें: 98xxxxxx21 वरना FIR दर्ज होगी।,Hindi-Devanagari,Digital Arrest,1
PM आवास योजना के तहत आपको मुफ्त मकान मिलेगा। आज ही आवेदन करें: bit.ly/sample-link अंतिम तिथि कल है।,Hindi-Devanagari,Govt Scheme,1
"सरकारी योजना: महिलाओं को ₹1,000 प्रतिमाह मिलेंगे। Aadhaar से रजिस्टर करें: example.com/yojana",Hindi-Devanagari,Govt Scheme,1
"तत्काल व्यक्तिगत लोन स्वीकृत! ₹5,00,000 बिना दस्तावेज़ के। 10 मिनट में खाते में: bit.ly/sample-link",Hindi-Devanagari,Loan,1
आपका लोन आवेदन स्वीकृत हो गया है। प्रोसेसिंग फ़ीस ₹499 भरने के बाद राशि जारी होगी: 98xxxxxx21,Hindi-Devanagari,Loan,1
"अलर्ट: आपके ABC बैंक खाते से ₹45,000 अनधिकृत रूप से डेबिट हुए। तुरंत यहाँ क्लिक करें: bit.ly/sample-link",Hindi-Devanagari,Banking,1
आपका नेट बैंकिंग पासवर्ड एक्सपायर हो गया है। खाता फ्रीज़ होने से पहले रीसेट करें: example.com/reset,Hindi-Devanagari,Banking,1
"आपके UPI से ₹12,000 डेबिट हुए हैं। लेनदेन रद्द करने के लिए: example.com/upi-cancel पर जाएं।",Hindi-Devanagari,UPI Fraud,1
आपका PhonePe खाता निलंबित होने वाला है। अभी OTP वेरीफाई करें: bit.ly/sample-link,Hindi-Devanagari,UPI Fraud,1
आपका पार्सल XYZ कूरियर के पास रुका है। ₹199 कस्टम शुल्क भरें: example.com/courier अन्यथा वापस होगा।,Hindi-Devanagari,Courier/Parcel,1
डिलीवरी विफल – पता अपडेट करें और ₹50 री-डिलीवरी शुल्क भरें: bit.ly/sample-link,Hindi-Devanagari,Courier/Parcel,1
मुफ़्त रिचार्ज ₹299 का मौका! अभी अपना नंबर वेरीफाई करें: example.com/recharge। ऑफर सिर्फ आज।,Hindi-Devanagari,Recharge,1
"₹5,000 निवेश करें और 30 दिनों में ₹50,000 पाएं! गारंटीड रिटर्न: bit.ly/sample-link",Hindi-Devanagari,Investment,1
"क्रिप्टो निवेश अवसर: ₹2,000 लगाएं, ₹20,000 पाएं 7 दिनों में। जुड़ें: example.com/crypto",Hindi-Devanagari,Investment,1
आपके मोबाइल नंबर को ABC टेलीकॉम बंपर लॉटरी में चुना गया है। ₹8 लाख जीतें: bit.ly/sample-link,Hindi-Devanagari,Lottery,1
"प्रधानमंत्री रोज़गार योजना: ₹50,000 का ब्याज-मुक्त लोन मिलेगा। अभी आवेदन: example.com/loan",Hindi-Devanagari,Govt Scheme,1
"तुमचे वीज बिल ₹1,450 थकीत आहे. आजच भरले नाही तर कनेक्शन तुटेल. इथे भरा: bit.ly/sample-link",Marathi-Devanagari,Utility,1
सूचना: तुमचा गॅस पुरवठा खंडित होणार आहे. तातडीने ₹680 भरा: example.com/gas,Marathi-Devanagari,Utility,1
तुमचे KYC अपूर्ण आहे. ABC बँक खाते २४ तासात बंद होईल. आत्ताच अपडेट करा: bit.ly/sample-link,Marathi-Devanagari,KYC,1
तुमचे Aadhaar बँकेशी लिंक नाही. खाते फ्रीज होण्यापूर्वी लिंक करा: example.com/aadhaar,Marathi-Devanagari,KYC,1
"अभिनंदन! तुम्ही ABC लॉटरीमध्ये ₹10,00,000 जिंकले आहेत. आत्ताच क्लेम करा: bit.ly/sample-link",Marathi-Devanagari,Lottery,1
तुमचा मोबाइल नंबर ABC दिवाळी बंपर ड्रॉमध्ये निवडला गेला. ₹3 लाख मिळवण्यासाठी कॉल करा: 98xxxxxx21,Marathi-Devanagari,Lottery,1
"घरबसल्या काम करा. दररोज ₹1,500 मिळेल. कोणताही अनुभव नको. नोंदणी करा: example.com/job",Marathi-Devanagari,Job,1
सायबर पोलीस: तुमच्या नंबरवरून बेकायदेशीर व्यवहार झाले आहेत. अटक टाळण्यासाठी कॉल करा: 98xxxxxx21,Marathi-Devanagari,Digital Arrest,1
ED कार्यालय: तुमचे PAN मनी लाँड्रिंगमध्ये आढळले. ताबडतोब संपर्क करा: 98xxxxxx21,Marathi-Devanagari,Digital Arrest,1
PM आवास योजना: तुम्हाला मोफत घर मिळेल. आजच नोंदणी करा: bit.ly/sample-link अंतिम तारीख उद्या.,Marathi-Devanagari,Govt Scheme,1
"तत्काळ वैयक्तिक कर्ज मंजूर! ₹3,00,000 कागदपत्रांशिवाय. १० मिनिटांत खात्यात: example.com/loan",Marathi-Devanagari,Loan,1
"सावधान: तुमच्या ABC बँक खात्यातून ₹38,000 अनधिकृतपणे डेबिट झाले. ताबडतोब क्लिक करा: bit.ly/sample-link",Marathi-Devanagari,Banking,1
"तुमच्या UPI मधून ₹9,500 डेबिट झाले. व्यवहार रद्द करण्यासाठी: example.com/cancel वर जा.",Marathi-Devanagari,UPI Fraud,1
तुमचा पार्सल XYZ कुरिअरकडे अडकला आहे. ₹249 सीमाशुल्क भरा: bit.ly/sample-link,Marathi-Devanagari,Courier/Parcel,1
मोफत रिचार्ज ₹199 मिळवा! आत्ताच नंबर वेरीफाय करा: example.com/recharge केवळ आजसाठी.,Marathi-Devanagari,Recharge,1
"₹5,000 गुंतवा आणि ३० दिवसांत ₹55,000 मिळवा! हमीशीर परतावा: bit.ly/sample-link",Marathi-Devanagari,Investment,1
"आपके ABC बैंक खाते में आज वेतन ₹42,500 जमा हो गया है। दिनांक: 01-अप्रैल-2024।",Hindi-Devanagari,None,0
आपका OTP: 738421। यह 10 मिनट के लिए वैध है। इसे किसी से साझा न करें।,Hindi-Devanagari,None,0
"आपकी ABC बैंक FD ₹50,000 परिपक्व हो गई है। शाखा में जाएं या नेट बैंकिंग से नवीनीकरण करें।",Hindi-Devanagari,None,0
XYZ कूरियर: आपका पार्सल आज दोपहर 2 से 5 बजे के बीच डिलीवर होगा। ट्रैक करें: example.com/track,Hindi-Devanagari,None,0
"ABC बैंक: आपके खाते से ₹250 XYZ मेडिकल स्टोर पर सफलतापूर्वक डेबिट हुए। शेष: ₹18,340।",Hindi-Devanagari,None,0
कल सुबह 10 बजे ऑफिस में महत्वपूर्ण क्लाइंट प्रेज़ेंटेशन है। स्लाइड्स आज रात तैयार कर लें।,Hindi-Devanagari,None,0
"आपकी ABC म्यूचुअल फंड SIP ₹3,000 अप्रैल के लिए प्रोसेस हो गई है। NAV यूनिट आवंटित।",Hindi-Devanagari,None,0
आपका ITR दाखिल करने की अंतिम तिथि 31 जुलाई है। जल्दी से अपने CA से बात करें।,Hindi-Devanagari,None,0
बेटी का रिज़ल्ट आया – 94 अंक! आज रात जश्न है। घर जल्दी आना।,Hindi-Devanagari,None,0
"आपकी ABC बीमा प्रीमियम ₹3,200 ऑटो-डेबिट हो गई है। पॉलिसी सक्रिय है।",Hindi-Devanagari,None,0
कल रात बारिश होने की संभावना है। छाता ले जाएं और गाड़ी अंदर रखें।,Hindi-Devanagari,None,0
"आपके PF खाते में ₹85,000 सफलतापूर्वक ABC बैंक में ट्रांसफर हो गए हैं।",Hindi-Devanagari,None,0
ऑफिस में कल पावर बैकअप नहीं है – जनरेटर रखरखाव है। लैपटॉप चार्ज रखें।,Hindi-Devanagari,None,0
"ABC बैंक: मार्च का क्रेडिट कार्ड बिल ₹12,450 है, देय तिथि 15 अप्रैल। भुगतान करें।",Hindi-Devanagari,None,0
कल सोसाइटी की आपात बैठक है रात 9 बजे। सभी निवासी कृपया उपस्थित रहें।,Hindi-Devanagari,None,0
आपका वाहन बीमा 30 अप्रैल को समाप्त होता है। जुर्माने से बचने के लिए नवीनीकरण करें।,Hindi-Devanagari,None,0
XYZ लैब से आपकी रक्त परीक्षण रिपोर्ट तैयार है। सुबह 10 से शाम 5 बजे काउंटर 3 से लें।,Hindi-Devanagari,None,0
"आपका NEFT ₹15,000 खाता अंत 8821 में सफलतापूर्वक ट्रांसफर हुआ। Ref: NEFT20240406",Hindi-Devanagari,None,0
"तुमच्या ABC बँक खात्यात आज पगार ₹45,000 जमा झाला आहे. दिनांक: १ एप्रिल २०२४.",Marathi-Devanagari,None,0
तुमचा OTP: ९३४७२१. हा १० मिनिटांसाठी वैध आहे. कोणाशीही शेअर करू नका.,Marathi-Devanagari,None,0
XYZ कुरिअर: तुमचा पार्सल आज दुपारी २ ते ५ वाजेपर्यंत डिलिव्हर होईल. ट्रॅक करा: example.com/track,Marathi-Devanagari,None,0
"ABC बँक: तुमच्या खात्यातून ₹1,800 XYZ पेट्रोल पंपावर यशस्वीरित्या डेबिट झाले. शिल्लक: ₹22,450.",Marathi-Devanagari,None,0
उद्या सकाळी १० वाजता ऑफिसमध्ये महत्त्वाची क्लायंट प्रेझेंटेशन आहे. स्लाइड्स आज रात्री तयार करा.,Marathi-Devanagari,None,0
"तुमची ABC म्युच्युअल फंड SIP ₹3,000 एप्रिलसाठी प्रक्रिया झाली आहे. NAV युनिट्स वाटप केले गेले.",Marathi-Devanagari,None,0
"तुमची ABC विमा प्रीमियम ₹3,200 ऑटो-डेबिट झाली आहे. पॉलिसी सक्रिय आहे.",Marathi-Devanagari,None,0
उद्या शाळेत पालक-शिक्षक बैठक आहे – दुपारी ४ वाजता. शक्य असल्यास उपस्थित राहा.,Marathi-Devanagari,None,0
आज रात्री पाऊस पडण्याची शक्यता आहे. छत्री घेऊन जा आणि गाडी आत ठेव.,Marathi-Devanagari,None,0
सोसायटीत रविवारी सकाळी ८ वाजता स्वच्छता मोहीम आहे. सर्वांचा सहभाग अपेक्षित आहे.,Marathi-Devanagari,None,0
"तुमचे ABC बँक क्रेडिट कार्ड बिल ₹11,800 आहे, देय तारीख १५ एप्रिल. वेळेत भरा.",Marathi-Devanagari,None,0
XYZ लॅबमधून रक्त तपासणी अहवाल तयार आहे. सकाळी १० ते संध्याकाळी ५ दरम्यान काउंटर ३ वरून घ्या.,Marathi-Devanagari,None,0
"तुमच्या PF खात्यातून ₹80,000 यशस्वीपणे ABC बँकेत हस्तांतरित झाले आहेत.",Marathi-Devanagari,None,0
ऑफिसमध्ये उद्या वीजपुरवठा खंडित असेल – देखभालीमुळे. लॅपटॉप आधीच चार्ज करून ठेवा.,Marathi-Devanagari,None,0
तुमचे वाहन विमा ३० एप्रिलला संपते. दंड टाळण्यासाठी नूतनीकरण करा.,Marathi-Devanagari,None,0
ABC बँकेकडे तुमचा चेक आज जमा झाला. क्लिअरिंगनंतर क्रेडिट होईल – २ दिवस लागतील.,Marathi-Devanagari,None,0
उद्या संध्याकाळी ७ वाजता टीम झूम कॉल आहे. कृपया वेळेत जॉइन व्हा.,Marathi-Devanagari,None,0
तुमची ITR दाखल करण्याची अंतिम तारीख ३१ जुलै आहे. CA शी लवकर संपर्क साधा.,Marathi-Devanagari,None,0
"आपके मोबाइल नंबर को ABC टेलीकॉम के बंपर लॉटरी ड्रॉ में चुना गया। ₹8,00,000 जीतने के लिए अभी कॉल करें: 98xxxxxx21",Hindi-Devanagari,Lottery,1
रोज़ ₹500 कमाएं – स्टॉक मार्केट टिप्स ग्रुप में जुड़ें। फ्री ट्रायल: example.com/tips,Hindi-Devanagari,Investment,1
आपका रिचार्ज फेल हो गया। दोबारा करें और ₹50 कैशबैक पाएं: bit.ly/sample-link केवल आज।,Hindi-Devanagari,Recharge,1
"तुमचा अर्ज प्री-अप्रूव्ह झाला आहे – ₹2,00,000 कर्ज. कोणतीही कागदपत्रे नाहीत. अर्ज करा: example.com/loan",Marathi-Devanagari,Loan,1
तुमचे Google Pay खाते तात्पुरते निलंबित केले आहे. सक्रिय करण्यासाठी OTP वेरीफाय करा: bit.ly/sample-link,Marathi-Devanagari,UPI Fraud,1
"महाराष्ट्र सरकार योजना: महिलांना दरमहा ₹1,500 मिळतील. Aadhaar नोंदणी करा: example.com/scheme",Marathi-Devanagari,Govt Scheme,1
तुमचा Amazon पार्सल कस्टममध्ये अडकला आहे. ₹399 शुल्क भरा: bit.ly/sample-link अन्यथा परत जाईल.,Marathi-Devanagari,Courier/Parcel,1
आपके खाते में अनधिकृत गतिविधि मिली। खाता सुरक्षित करने के लिए: example.com/secure पर जाएं।,Hindi-Devanagari,Banking,1
घर बैठे टाइपिंग जॉब – प्रति घंटे ₹500। अभी रजिस्टर करें: bit.ly/sample-link। WhatsApp: 98xxxxxx21,Hindi-Devanagari,Job,1
"आपकी गाड़ी सर्विस की बुकिंग कन्फर्म हो गई। 15 अप्रैल, सुबह 10 बजे, XYZ सर्विस सेंटर।",Hindi-Devanagari,None,0
कल रात का खाना नहीं बनाना है। बाहर से ऑर्डर करते हैं – क्या चाहिए बताओ।,Hindi-Devanagari,None,0
आपके नाम पर एक स्पीड चालान दर्ज हुआ है। 15 दिनों में example.com पर ऑनलाइन भुगतान करें।,Hindi-Devanagari,None,0
कल इंजीनियरिंग टीम की आउटिंग है। बस ऑफिस से सुबह 9 बजे निकलेगी।,Hindi-Devanagari,None,0
आपका तिमाही अग्रिम कर 15 अप्रैल तक देय है। अपने CA से कर दायित्व की जांच करें।,Hindi-Devanagari,None,0
ABC बँकेची पासबुक अपडेट करायची आहे का? ६ महिन्यांच्या नोंदी बाकी आहेत.,Marathi-Devanagari,None,0
"तुमची गाडी सर्व्हिसिंगसाठी बुकिंग कन्फर्म झाली. १५ एप्रिल, सकाळी १०, XYZ सर्व्हिस सेंटर.",Marathi-Devanagari,None,0
आज रात्री ९ वाजता कंपनीचा टाऊन हॉल आहे ऑनलाइन. झूम लिंक HR ने मेलमध्ये पाठवली आहे.,Marathi-Devanagari,None,0
प्रोजेक्ट सबमिशन उद्या सकाळी १० वाजेपर्यंत आहे. PDF फॉर्मेटमध्ये मेल करा.,Marathi-Devanagari,None,0
ABC बँक: तुमचा मार्च महिन्याचा स्टेटमेंट तयार आहे. नेट बँकिंगमधून डाउनलोड करा.,Marathi-Devanagari,None,0
तुमचे वाहन PUC प्रमाणपत्र २८ एप्रिलला संपते. ट्रॅफिक दंड टाळण्यासाठी नूतनीकरण करा.,Marathi-Devanagari,None,0
उद्या लायब्ररीत पुस्तके जमा करायची आहेत – अंतिम तारीख आहे. दंड लागण्यापूर्वी करा.,Marathi-Devanagari,None,0
तुमच्या ABC OTT प्लॅटफॉर्मचे सदस्यत्व १ वर्षासाठी नूतनीकरण झाले. ₹499 डेबिट.,Marathi-Devanagari,None,0
घरी पाहुणे येणार आहेत उद्या. घर साफ करा आणि बाजारातून नाश्त्याचे सामान आणा.,Marathi-Devanagari,None,0
